year,class_code,landuse,PLAND,NP,PD,LPI,ED,AREA_MN
2000,20,林地,68.5886,10078.0,1.2951,53.5466,43.4465,52.96
2000,60,水体,1.0433,1274.0,0.1637,0.4502,2.2532,6.3727
2000,10,耕地,23.379,2072.0,0.2663,8.7452,26.0601,87.8023
2000,30,草地,4.8403,30337.0,3.8985,0.0444,21.507,1.2416
2000,80,人工表面,2.1435,910.0,0.1169,0.1684,2.398,18.3294
2000,50,湿地,0.0004,5.0,0.0006,0.0001,0.0025,0.594
2000,90,裸地,0.005,1.0,0.0001,0.005,0.0055,38.7
2010,20,林地,69.1509,9870.0,1.2684,57.5074,45.1052,54.5194
2010,60,水体,1.0421,1120.0,0.1439,0.5415,1.9278,7.2406
2010,10,耕地,22.5689,2299.0,0.2954,3.9958,27.6344,76.3912
2010,30,草地,4.8763,32360.0,4.1585,0.0431,21.9961,1.1726
2010,80,人工表面,2.3613,876.0,0.1126,0.3325,2.4682,20.9759
2010,90,裸地,0.0004,6.0,0.0008,0.0002,0.004,0.465
2010,50,湿地,0.0001,1.0,0.0001,0.0001,0.0005,0.81
2020,20,林地,68.458,9613.0,1.2353,55.6104,43.6863,55.4162
2020,60,水体,1.1495,1019.0,0.1309,0.521,2.0675,8.7784
2020,10,耕地,21.4348,2625.0,0.3373,5.5548,26.8386,63.542
2020,30,草地,4.7983,31674.0,4.0703,0.0431,21.2497,1.1788
2020,80,人工表面,4.1551,1077.0,0.1384,0.514,3.8502,30.0215
2020,90,裸地,0.0042,11.0,0.0014,0.0026,0.0119,2.97
2020,50,湿地,0.0001,1.0,0.0001,0.0001,0.0005,0.81
2025,20,林地,65.2217,8768.0,1.1268,23.7977,37.4926,57.8846
2025,60,水体,1.3856,664.0,0.0853,0.7353,2.4634,16.2381
2025,10,耕地,21.1282,3339.0,0.4291,2.6029,25.2312,49.2399
2025,30,草地,3.9371,28738.0,3.6931,0.0333,18.0374,1.0661
2025,80,人工表面,8.3258,2432.0,0.3125,3.6021,9.0711,26.6401
2025,90,裸地,0.0016,7.0,0.0009,0.001,0.0059,1.7614
